filename,band_id,x_center,mean_l,mean_a,mean_b,mean_c,std_l,label_id
000.bmp,0,16,32.86,8.86,22.91,24.57,7.41,1
000.bmp,1,37,21.28,0.85,21.24,21.26,7.77,0
000.bmp,2,59,35.52,30.66,23.87,38.86,4.43,2
001.bmp,0,13,54.72,-3.73,3.06,4.82,6.49,8
001.bmp,1,31,43.33,36.77,36.28,51.65,7.29,2
001.bmp,2,48,42.99,30.86,30.13,43.13,6.14,2
001.bmp,3,76,56.26,-5.38,26.23,26.78,4.07,10
002.bmp,0,18,54.82,-2.59,27.77,27.89,7.4,10
002.bmp,1,36,39.93,31.76,29.15,43.11,2.75,2
002.bmp,2,54,68.69,-10.57,63.68,64.55,6.92,4
002.bmp,3,74,43.09,40.42,32.1,51.62,2.21,2
003.bmp,0,18,30.68,-1.47,23.08,23.13,2.53,10
003.bmp,1,37,23.78,25.4,22.61,34,2.08,2
003.bmp,2,55,45.51,-7.27,46.27,46.83,6.93,4
003.bmp,3,75,26.31,32.01,26.11,41.31,1.83,2
004.bmp,0,10,48.45,-3.05,-3.14,4.38,5.92,8
004.bmp,1,28,37.61,31.77,20.55,37.84,2.23,2
004.bmp,2,47,41.75,29.86,17.79,34.75,9.54,2
004.bmp,3,74,47.77,-2.03,15.03,15.17,2.87,10
005.bmp,0,18,46.23,-3.27,27.54,27.74,2.71,10
005.bmp,1,37,37.79,35.78,28.75,45.9,2.97,2
005.bmp,2,55,68.19,-13.81,57.28,58.92,3.79,4
005.bmp,3,75,39.1,38.88,30.31,49.3,1.86,2
006.bmp,0,14,69.06,-3.26,18.52,18.81,4.11,11
006.bmp,1,37,46.6,36.23,26.14,44.68,1.34,2
006.bmp,2,55,83.09,-14.46,63.35,64.98,1.83,4
006.bmp,3,75,46.96,45.77,26.08,52.68,1.94,2
007.bmp,0,11,52.62,-3.36,0.51,3.4,1.24,8
007.bmp,1,30,45.03,27.75,17.05,32.57,6.4,2
007.bmp,2,47,44.28,19.84,19.48,27.8,2.96,2
007.bmp,3,75,51.07,-2.9,14.56,14.85,1.41,10
008.bmp,0,13,54.4,-3.72,3.08,4.83,4.97,8
008.bmp,1,31,42.75,36.85,31.07,48.2,6.28,2
008.bmp,2,48,43.22,30.64,30.28,43.07,6.58,2
008.bmp,3,75,55.67,-5.86,26.38,27.02,4.15,10
009.bmp,0,10,32.79,12.17,23.06,26.08,3.12,1
009.bmp,1,31,17.99,-2.36,16.72,16.89,11.18,0
009.bmp,2,51,39.31,38.35,31.72,49.77,2.53,2
009.bmp,3,73,55.09,-1.76,27.72,27.78,5.73,11
010.bmp,0,40,30.59,28.07,23.4,36.55,3.42,2
010.bmp,1,59,24.65,11.74,21.05,24.1,2.16,1
010.bmp,2,74,37.81,-24.62,18.39,30.73,4.18,5
011.bmp,0,15,52.51,-3.65,29.96,30.19,5.15,10
011.bmp,1,39,38.95,30.78,33.84,45.74,6.86,2
011.bmp,2,57,30.84,14.31,26.32,29.96,2.57,1
011.bmp,3,73,45.35,-29,19.67,35.04,1.83,5
012.bmp,0,16,46.79,-3.88,26.99,27.27,6.38,10
012.bmp,1,38,33.51,37.83,30.08,48.33,3.15,2
012.bmp,2,55,29.3,14.18,22.5,26.6,1.53,1
012.bmp,3,73,42.49,-28.78,17.98,33.93,1.31,5
013.bmp,0,14,66.87,-2.87,27.25,27.4,2.16,11
013.bmp,1,38,44.75,29.9,23.65,38.12,5.24,2
013.bmp,2,56,37.25,9.82,17.11,19.73,4.82,1
013.bmp,3,73,43.36,-25.76,15.11,29.87,1.78,5
014.bmp,0,14,28.96,10.12,15.41,18.43,8.21,1
014.bmp,1,36,12.56,0.8,10.51,10.54,10.19,0
014.bmp,2,56,33.16,29.59,29.93,42.09,4.82,2
015.bmp,0,41,40.28,28.34,20.06,34.72,1.99,2
015.bmp,1,59,42.16,27.49,23.77,36.34,5.45,2
015.bmp,2,78,39.53,10.12,19.59,22.05,2.99,1
016.bmp,0,14,69.84,-5.1,25.54,26.05,3.3,11
016.bmp,1,38,45.42,40.59,29.12,49.96,1.84,2
016.bmp,2,56,38.94,13.86,24.57,28.21,1.28,1
016.bmp,3,74,49.43,-28.79,16,32.93,3.92,5
017.bmp,0,14,29.1,8.96,14.29,16.87,8.28,1
017.bmp,1,35,16.28,2.43,14.46,14.67,7.34,0
017.bmp,2,56,31.44,31.02,20.56,37.21,3.33,2
018.bmp,0,12,33.21,7.59,29.98,30.92,4.77,1
018.bmp,1,33,19.61,-3.19,20.33,20.58,7.25,0
018.bmp,2,53,46.01,34.44,33.52,48.07,3.69,2
019.bmp,0,16,45.21,0.17,17.17,17.17,2.23,11
019.bmp,1,40,29.26,27.89,18.62,33.54,2.15,2
019.bmp,2,56,28.55,26.77,20.35,33.63,1.21,2
019.bmp,3,76,28.53,11.09,16.68,20.03,2.73,1
020.bmp,0,13,37.59,8.94,23.98,25.6,7.87,1
020.bmp,1,34,23.92,-5.3,22.84,23.45,8.54,0
020.bmp,2,53,45.27,34.01,31.87,46.61,3.23,2
021.bmp,0,31,36.06,23.97,22.37,32.79,2.63,3
021.bmp,1,54,65.59,-2.11,4.07,4.59,4.08,9
021.bmp,2,73,39.27,17.84,26.92,32.3,0.93,3
022.bmp,0,17,57.92,-1.03,19.96,19.99,2.91,11
022.bmp,1,40,39.18,30.29,21.37,37.07,2.03,2
022.bmp,2,58,33.24,9.01,13.11,15.91,1.12,1
022.bmp,3,75,42.59,-24.86,14.95,29.01,1.28,5
023.bmp,0,16,77.69,-1.19,26.96,26.99,8.63,11
023.bmp,1,39,52.25,38.61,29.75,48.74,5.36,2
023.bmp,2,57,51.04,40.08,31.92,51.23,4.12,2
023.bmp,3,76,51.65,8.51,30.22,31.4,6.12,1
024.bmp,0,11,57.79,-0.69,37.31,37.31,7.75,10
024.bmp,1,36,37.62,9.12,32.97,34.2,2.53,1
024.bmp,2,58,47.15,6.52,-7.95,10.28,7.03,7
024.bmp,3,76,50.26,34.46,34.85,49.01,2.21,2
025.bmp,0,12,57.43,-2.19,33.78,33.86,4.53,10
025.bmp,1,36,34.3,13.4,26.93,30.08,1.6,1
025.bmp,2,57,42.73,10.5,-21.56,23.98,1.57,7
025.bmp,3,77,46.93,36.43,33.59,49.55,2.99,2
026.bmp,0,10,58.23,-3.02,22.77,22.97,4.46,10
026.bmp,1,39,59.11,18.51,41.53,45.47,3.1,3
026.bmp,2,57,42.79,11.81,17.34,20.98,6.11,1
026.bmp,3,76,59.86,-28.28,17.84,33.44,1.35,5
027.bmp,0,11,36.77,12.04,23.62,26.51,10.09,1
027.bmp,1,31,15.44,-4.36,17.37,17.91,7.08,0
027.bmp,2,51,38.79,36.02,32.48,48.5,2.25,2
027.bmp,3,74,54.36,-0.16,26.19,26.19,5.78,11
028.bmp,0,9,77.55,2.76,35.66,35.76,9.49,11
028.bmp,1,36,46.48,13.54,35.83,38.31,4.97,1
028.bmp,2,57,56,9.53,-16.86,19.37,5.2,7
028.bmp,3,75,60.88,36.14,36.64,51.47,3.77,2
029.bmp,0,12,40.66,-1.95,0.96,2.18,4.53,8
029.bmp,1,31,28.22,28.76,24.91,38.05,2.91,2
029.bmp,2,50,30.94,22.33,21.09,30.72,6.11,2
029.bmp,3,79,34.63,-2.2,24.31,24.41,5.76,10
030.bmp,0,16,43.72,-5.08,27.48,27.95,6.88,10
030.bmp,1,36,50.26,17.11,40.87,44.31,0.9,3
030.bmp,2,55,18.54,-6.44,17.55,18.69,5.2,0
030.bmp,3,76,35.41,13.9,25.31,28.88,6.6,1
031.bmp,0,40,54.6,18.92,33.6,38.56,0.97,3
031.bmp,1,58,37,14.79,12.55,19.4,1.24,1
031.bmp,2,78,49.94,-22.54,12.91,25.98,1.35,5
032.bmp,0,14,28.91,2.46,15.71,15.91,4.03,10
032.bmp,1,37,19.22,28.61,18.23,33.92,2.33,2
032.bmp,2,56,13.68,12.14,14.57,18.96,1.5,1
032.bmp,3,73,25.57,-16.6,7.8,18.34,2.18,5
033.bmp,0,15,67.03,-1.46,25.6,25.65,2.47,11
033.bmp,1,38,43.56,29.92,24.36,38.59,5.32,2
033.bmp,2,56,37.59,8.35,18.29,20.1,5.44,1
033.bmp,3,73,43.83,-26.09,14.48,29.84,2.34,5
034.bmp,0,18,31.52,-3.63,19.98,20.31,3.55,10
034.bmp,1,39,37.7,19.86,34.67,39.96,4.47,3
034.bmp,2,57,7.11,-4.28,7.55,8.67,1.46,0
034.bmp,3,77,23.05,13.65,18.6,23.07,1.14,1
035.bmp,0,13,17.76,-2.73,15.63,15.87,3.79,10
035.bmp,1,38,16.92,2.79,9.27,9.68,5.15,1
035.bmp,2,58,30.11,-5.8,10.59,12.08,3.38,5
035.bmp,3,76,20.58,12.68,-21.03,24.56,2.22,7
036.bmp,0,15,66.6,-2,-3.64,4.15,6.59,8
036.bmp,1,33,55.7,40.03,34.94,53.13,3.84,2
036.bmp,2,52,59.31,30.3,32.34,44.32,9.53,2
036.bmp,3,79,68.4,-1.99,23.16,23.24,6.78,10
037.bmp,0,16,42.17,-0.99,19.94,19.96,1.5,11
037.bmp,1,37,29.73,28.59,21.17,35.58,4.96,2
037.bmp,2,54,51.93,-9.42,47.87,48.79,2.34,4
037.bmp,3,74,29.52,31.95,18.73,37.03,1.27,2
038.bmp,0,12,35.37,-4.52,21.58,22.05,6.52,10
038.bmp,1,36,19.63,0.92,14.95,14.98,4.98,1
038.bmp,2,58,44.61,-13.37,12.41,18.25,5.65,5
038.bmp,3,75,28.65,9.29,-20.74,22.72,1.94,7
039.bmp,0,13,67.07,0.33,32.97,32.98,8.04,11
039.bmp,1,37,36.34,13.51,27.26,30.43,5.11,1
039.bmp,2,59,45.62,8.85,-11.08,14.19,6.94,7
039.bmp,3,78,47.78,36.19,32.77,48.82,3.21,2
040.bmp,0,14,47.06,-0.31,28.62,28.62,4.3,10
040.bmp,1,39,47.95,21.46,40.45,45.79,4.17,3
040.bmp,2,57,31.7,17.43,19.48,26.14,1.82,1
040.bmp,3,77,46.94,-23.71,18.33,29.97,2.29,5
041.bmp,0,15,49.2,-1.88,24.98,25.05,5.59,10
041.bmp,1,39,35.35,28.31,26.18,38.56,2.31,2
041.bmp,2,58,34.11,29.78,27.55,40.57,3.32,2
041.bmp,3,77,33.76,10.93,20.43,23.17,2.69,1
042.bmp,0,17,38.46,-5.78,22.87,23.59,3.09,10
042.bmp,1,38,44.8,22.8,39.65,45.74,3.18,3
042.bmp,2,57,13.15,-5.61,11.98,13.23,5.18,0
042.bmp,3,76,30.77,14.6,22.07,26.46,1.03,1
043.bmp,0,14,50.66,-3.62,30.65,30.86,6.16,10
043.bmp,1,37,38.65,30.74,29.58,42.66,2.83,2
043.bmp,2,56,38.37,30.73,27.91,41.51,2.96,2
043.bmp,3,75,43.6,7.34,24.71,25.77,6.69,1
044.bmp,0,10,60.22,-6.66,24.26,25.16,3.43,10
044.bmp,1,34,39.98,3.73,14.74,15.21,2.84,1
044.bmp,2,55,63.8,-15.31,13.5,20.41,4.35,5
044.bmp,3,72,53.07,9.9,-25.63,27.47,3.13,7
045.bmp,0,10,41.24,11.08,24.16,26.58,5.08,1
045.bmp,1,31,24.36,-3.71,21.41,21.72,14.08,0
045.bmp,2,51,44.59,35.95,33.39,49.07,2.87,2
046.bmp,0,15,34.61,0.25,16.55,16.55,3.12,10
046.bmp,1,36,33.93,20.69,27.01,34.02,2.15,3
046.bmp,2,56,11.78,-2.32,5.1,5.6,4.1,0
046.bmp,3,75,21.29,12.79,18.23,22.27,0.82,1
047.bmp,0,39,54.75,25.05,37.41,45.02,1.32,3
047.bmp,1,58,39.24,14.53,22.16,26.5,2.17,1
047.bmp,2,77,51.94,-26.15,16.15,30.73,2.03,5
048.bmp,0,38,43.98,33.18,23.06,40.41,6.67,2
048.bmp,1,56,46.52,30.22,22.75,37.82,6.94,2
048.bmp,2,74,44.94,10.22,16.52,19.43,1.72,1
049.bmp,0,38,36.55,25.88,21.2,33.46,6.92,2
049.bmp,1,55,35.6,29.41,21.28,36.3,3.39,2
049.bmp,2,74,36.21,8.92,17.93,20.03,2.26,1
050.bmp,0,14,47.93,-0.97,23.98,24,5.45,10
050.bmp,1,39,35.65,28.41,23.86,37.1,2.21,2
050.bmp,2,57,33.8,30.33,26.41,40.22,2.9,2
050.bmp,3,77,36.34,10.3,20.19,22.67,6.31,1
051.bmp,0,16,52.43,-2.77,29.6,29.73,3.19,10
051.bmp,1,40,51.78,24.66,42.36,49.02,3.85,3
051.bmp,2,59,36.57,15.49,23.48,28.13,4.51,1
051.bmp,3,78,51.13,-23.97,20,31.22,4.17,5
052.bmp,0,12,24.47,10.1,13.69,17.01,7.16,1
052.bmp,1,34,12.15,2.82,6.29,6.89,11.96,0
052.bmp,2,54,26.68,26.57,21.4,34.11,5.62,2
053.bmp,0,13,38.42,10.22,25.39,27.37,6.44,1
053.bmp,1,34,20.98,-1.39,21.82,21.86,10.24,0
053.bmp,2,53,46.76,28.43,29.08,40.66,4.06,2
053.bmp,3,77,62.34,-0.61,31.23,31.23,9.78,11
054.bmp,0,36,45.63,8.57,22.8,24.36,3.01,1
054.bmp,1,58,50.54,9.32,-21.54,23.47,6.49,7
054.bmp,2,77,56.72,28.76,24.84,38,5.23,2
055.bmp,0,10,59.47,-7.52,26.99,28.02,4.25,11
055.bmp,1,38,75.19,-17.13,64.95,67.17,2.31,4
055.bmp,2,62,54.5,-22.66,14.85,27.1,1.34,5
055.bmp,3,83,50.48,7.12,-17.48,18.87,1.49,7
056.bmp,0,16,62.25,-2.22,25.01,25.11,11.02,10
056.bmp,1,37,66.68,16.59,50.21,52.88,4.33,3
056.bmp,2,56,26.48,-7.85,19.63,21.14,11.09,0
056.bmp,3,76,51.81,9.55,30.76,32.2,8.43,1
057.bmp,0,12,41.98,-7.17,26.52,27.47,8.01,11
057.bmp,1,37,32.07,2.4,22.75,22.88,5.92,1
057.bmp,2,57,53.74,-15.69,19.43,24.97,5.04,5
057.bmp,3,75,45.53,9.48,-23.85,25.66,2.62,7
058.bmp,0,17,27.32,-1.12,1.17,1.62,1.6,8
058.bmp,1,36,22.81,27.56,26.53,38.25,1.09,2
058.bmp,2,53,21.73,24.38,26.81,36.24,1.52,2
058.bmp,3,80,17.25,0.37,15.79,15.8,2.1,10
059.bmp,0,35,39.48,11.98,24.56,27.32,1.98,1
059.bmp,1,57,45.9,8.79,-15.67,17.96,3.09,7
059.bmp,2,77,49.73,30.49,29.43,42.37,3.99,2
060.bmp,0,13,24.36,-4.61,21.52,22.01,4.15,10
060.bmp,1,37,21.25,3.1,16.46,16.75,3.28,1
060.bmp,2,57,39.8,-11.2,15.36,19.01,4.23,5
060.bmp,3,75,29.05,10.33,-21.55,23.89,2.66,7
061.bmp,0,13,41.14,-4.36,27.42,27.76,8.67,10
061.bmp,1,36,26,3.23,21.16,21.41,3.04,1
061.bmp,2,57,49.93,-13.65,19.94,24.17,3.49,5
061.bmp,3,75,39.51,9.84,-17.96,20.48,1.55,7
062.bmp,0,18,55.34,-1.68,24.26,24.32,6.81,10
062.bmp,1,35,39.5,36.56,25.2,44.4,3.54,2
062.bmp,2,53,70.9,-10.35,62.29,63.15,3.57,4
062.bmp,3,75,47.18,38.55,22.34,44.56,4.27,2
063.bmp,0,16,42.21,-2.94,22.32,22.51,2.54,10
063.bmp,1,40,45.73,24.51,38.74,45.84,2.8,3
063.bmp,2,58,29.33,14.56,17.65,22.88,1.8,1
063.bmp,3,78,42.21,-26.55,17.47,31.78,2.12,5
064.bmp,0,37,44.97,21.57,30.75,37.56,1.25,3
064.bmp,1,55,30.2,15.56,19.53,24.97,1.2,1
064.bmp,2,74,41.09,-24.21,15.66,28.84,1.16,5
065.bmp,0,13,44.09,-5.55,25.81,26.4,7.11,10
065.bmp,1,37,26.59,3.63,19.27,19.61,2.42,1
065.bmp,2,58,50.48,-15.6,20.08,25.42,4.11,5
065.bmp,3,76,40.44,9.92,-17.85,20.42,2.18,7
066.bmp,0,12,37.77,12.02,22.27,25.31,2.57,1
066.bmp,1,34,24.79,0.13,17.39,17.39,16.93,0
066.bmp,2,54,44.05,39.18,28.32,48.34,5.08,2
067.bmp,0,34,76.78,-11.45,64.3,65.31,3,4
067.bmp,1,54,21.04,-9.48,19.28,21.48,2.6,0
067.bmp,2,74,42.67,40.39,38.93,56.1,1.61,2
068.bmp,0,13,38.34,-14.43,17.54,22.71,3.42,5
068.bmp,1,33,15.99,13.72,15.41,20.63,2.01,1
068.bmp,2,52,11.45,-2.47,12.86,13.09,2.48,0
069.bmp,0,12,41.89,14.27,31,34.13,3.96,1
069.bmp,1,34,24.68,-0.85,19.07,19.09,18.64,0
069.bmp,2,54,52.87,43.47,31.66,53.77,3.59,2
069.bmp,3,76,66.1,1.71,28.05,28.1,9.43,11
070.bmp,0,10,70.43,-2.33,4.09,4.71,1.19,9
070.bmp,1,31,22.07,8.94,12.95,15.74,3.61,1
070.bmp,2,52,29.03,32.6,15.34,36.03,4.1,2
070.bmp,3,70,45.62,-0.02,14.66,14.66,0.69,11
071.bmp,0,13,53.11,-4.75,22.25,22.75,2.58,10
071.bmp,1,37,34.84,2.82,20.17,20.37,2.22,1
071.bmp,2,59,58.35,-19.29,13.67,23.64,2.28,5
071.bmp,3,77,47.15,7.24,-15.2,16.84,3.51,7
072.bmp,0,13,42.19,25.21,-2.55,25.34,1.56,2
072.bmp,1,32,37.77,15.17,2.13,15.32,2.15,2
072.bmp,2,48,25.57,-6.66,-1.98,6.95,3.5,0
072.bmp,3,62,25.91,-11.42,-2.51,11.69,9.7,0
072.bmp,4,81,38.97,-5.71,0.09,5.71,10.63,1
073.bmp,0,10,46.95,-2.77,21.59,21.77,6.98,10
073.bmp,1,31,42.5,25.53,35.63,43.83,4.88,3
073.bmp,2,52,74.67,-1.53,8.57,8.71,8.33,9
073.bmp,3,71,47.42,16.34,38.13,41.49,1.47,3
074.bmp,0,10,46.89,-2.49,21.34,21.48,5.8,10
074.bmp,1,30,41.87,25.77,35.07,43.52,3.25,3
074.bmp,2,52,76.71,-1.68,8.26,8.42,6.63,9
074.bmp,3,71,46.59,18.28,34.64,39.17,3.02,3
075.bmp,0,11,54.36,0.02,17.07,17.07,8.03,10
075.bmp,1,32,58.02,25.49,44.91,51.64,5.95,3
075.bmp,2,54,95.49,-1.42,5.41,5.6,7.06,9
075.bmp,3,73,63.72,20.79,39.52,44.66,4.3,3
076.bmp,0,12,43.18,-1.1,1.65,1.99,3.96,8
076.bmp,1,30,32.24,32.16,21.48,38.67,2.29,2
076.bmp,2,49,39.72,28.58,25.24,38.13,7.78,2
076.bmp,3,78,43.27,-5.08,19.28,19.94,7.97,10
077.bmp,0,9,38.23,8.81,19.04,20.98,9.91,1
077.bmp,1,30,25.54,-7.76,19.7,21.17,5.61,0
077.bmp,2,49,42.3,31.11,26.15,40.64,1.41,2
078.bmp,0,18,39.87,-1.03,18.13,18.16,2.28,10
078.bmp,1,38,26.74,27.85,17.54,32.92,3.84,2
078.bmp,2,55,52.21,-9.13,48.09,48.95,1.55,4
078.bmp,3,77,30.27,33.33,15.43,36.73,5.73,2
079.bmp,0,10,39.76,-5.24,29.64,30.1,9.49,10
079.bmp,1,35,38.51,38.05,31.13,49.16,7.83,2
079.bmp,2,55,13.6,-5.2,12.64,13.67,8.92,0
079.bmp,3,76,31.72,17.31,31.07,35.56,3.61,1
080.bmp,0,12,51.7,-4.69,23.18,23.65,4.81,10
080.bmp,1,36,30.15,3.39,20.37,20.65,6.13,1
080.bmp,2,59,50.13,-11.71,16.63,20.34,4.2,5
080.bmp,3,76,43.82,6.11,-12.51,13.92,10.62,7
081.bmp,0,39,60.53,20.13,34.8,40.2,1.33,3
081.bmp,1,58,61.63,21.83,36,42.1,1.42,3
081.bmp,2,76,62.76,28.73,44.4,52.88,0.9,3
082.bmp,0,17,47.05,-3.35,0.77,3.43,1.8,8
082.bmp,1,34,40.81,41.06,38.71,56.44,2.39,2
082.bmp,2,51,40.54,38.52,33.78,51.23,3.43,2
082.bmp,3,78,49.16,-6.92,23.72,24.7,4.35,10
083.bmp,0,15,58.17,-3.66,1.68,4.02,7.03,8
083.bmp,1,33,44.93,34.45,27.81,44.27,4.19,2
083.bmp,2,51,47.86,27.14,30.3,40.68,5.51,2
083.bmp,3,79,54.35,-3.42,25.28,25.51,6.59,10
084.bmp,0,17,51.63,-5.41,0.17,5.42,1.52,8
084.bmp,1,34,42.54,43.56,36.59,56.89,1.79,2
084.bmp,2,51,46.77,34.52,27.89,44.38,4.12,2
084.bmp,3,80,55.77,-4.95,22.48,23.02,2.03,10
085.bmp,0,14,33.97,-15.08,22.29,26.91,4.45,5
085.bmp,1,33,21.61,5.45,22.76,23.4,6.03,1
085.bmp,2,53,20.02,-1.34,19.12,19.17,9.56,0
085.bmp,3,75,32.46,-0.16,26.98,26.98,2.89,10
086.bmp,0,13,33.68,22.64,-6.81,23.64,2.22,2
086.bmp,1,32,29.96,16.66,-3.4,17,2.6,2
086.bmp,2,47,15.48,-0.35,-12.43,12.43,3.89,0
086.bmp,3,63,18.48,-6.39,-7,9.47,9.6,0
086.bmp,4,81,29.18,-2.48,-2.27,3.36,8.43,1
087.bmp,0,11,49.66,-3.07,2.52,3.97,2.36,8
087.bmp,1,30,40.39,36.39,22.52,42.8,3.93,2
087.bmp,2,48,44.89,30.86,25.65,40.13,5.96,2
087.bmp,3,77,49.71,-5.27,21.83,22.46,3.7,10
088.bmp,0,16,39.18,1.81,15.17,15.28,1.88,11
088.bmp,1,39,25.84,32.06,20.63,38.13,1.41,2
088.bmp,2,58,20.58,9.49,19.16,21.38,1.32,1
088.bmp,3,75,28.43,-19.46,10.67,22.19,1.5,5
089.bmp,0,30,24.57,21.82,18.39,28.53,4,3
089.bmp,1,53,50.03,1.58,2.1,2.63,8.66,9
089.bmp,2,72,31.84,21.87,22.71,31.53,4.23,3
090.bmp,0,13,38.04,24.66,4.27,25.02,2.07,2
090.bmp,1,31,36.41,21.93,-1.74,22,1.89,2
090.bmp,2,46,17.93,-2,-8.52,8.75,4.34,0
090.bmp,3,61,18.22,-4.78,-7.98,9.3,9.21,0
090.bmp,4,79,31.47,-2.85,-0.17,2.85,7.69,1
091.bmp,0,35,66.84,-12.64,60.68,61.98,2.69,4
091.bmp,1,53,16.6,-5.54,15.16,16.14,5.39,0
091.bmp,2,75,36.58,36.89,32.96,49.47,2.63,2
092.bmp,0,16,59.77,11.38,-10.38,15.41,1.42,7
092.bmp,1,33,45.21,-20.65,22.99,30.9,3.92,5
092.bmp,2,56,44.87,39.91,33.49,52.1,2.96,2
092.bmp,3,79,70.53,-1.76,30.75,30.8,8.14,11
093.bmp,0,9,38.85,10.08,23.98,26.01,5.54,1
093.bmp,1,31,26.05,-6.29,16.56,17.71,8.29,0
093.bmp,2,52,54.22,34.66,25.62,43.1,8.57,2
093.bmp,3,72,68.84,0.6,23.53,23.54,4.98,10
094.bmp,0,19,58.44,11.32,-14.69,18.55,0.68,7
094.bmp,1,36,44.02,-23.5,17.39,29.24,3.84,5
094.bmp,2,59,41.95,34.78,25.9,43.36,2.16,2
094.bmp,3,81,53.96,-3.61,25.21,25.47,5.08,10
095.bmp,0,8,45.66,-0.98,20.45,20.47,5.91,10
095.bmp,1,29,45.1,23.22,34.91,41.93,4.29,3
095.bmp,2,51,84.03,-1.17,7.44,7.53,4.7,9
095.bmp,3,70,54,23.86,36.43,43.55,3.21,3
096.bmp,0,11,43.39,3.18,11.08,11.53,1.85,1
096.bmp,1,34,52.47,-17.8,11.26,21.06,1.81,5
096.bmp,2,52,55.82,16.88,23.35,28.82,0.61,3
096.bmp,3,70,62.28,-2.97,16.32,16.59,4.64,10
097.bmp,0,12,45.46,-15.41,24.79,29.19,3.03,5
097.bmp,1,31,23.17,10.28,27.96,29.79,1.91,1
097.bmp,2,51,14.17,-3.05,18.41,18.66,4.52,0
097.bmp,3,74,50.51,-3.34,28.64,28.83,3.91,10
098.bmp,0,39,57.64,22.37,40.68,46.42,1.99,3
098.bmp,1,59,57.19,23.78,45.58,51.42,2.01,3
098.bmp,2,76,60.09,29.77,50.73,58.82,1.48,3
099.bmp,0,14,26.25,7.84,12.2,14.5,8.21,1
099.bmp,1,34,11.15,2,11.48,11.66,6.72,0
099.bmp,2,54,24.02,27.73,23.22,36.17,2.77,2
099.bmp,3,77,36.49,0.13,22.11,22.11,4.48,10
100.bmp,0,15,54.22,9.17,-7.51,11.85,4.14,7
100.bmp,1,31,42,-16.9,18.57,25.11,7.3,5
100.bmp,2,54,41.71,34.12,26.86,43.43,3.04,2
101.bmp,0,13,78.38,-3.5,5.02,6.12,2.68,0
101.bmp,1,31,22.81,8.43,21.19,22.8,3.17,1
101.bmp,2,53,31.38,30.42,22.85,38.05,5.55,2
102.bmp,0,10,39.64,8.35,28.18,29.39,6.61,1
102.bmp,1,32,24.01,1.11,19.73,19.76,10.77,0
102.bmp,2,52,49.19,28.35,27.84,39.73,7.94,2
102.bmp,3,75,55.44,1.21,29.38,29.4,6.92,10
103.bmp,0,11,60.32,-2.29,20.2,20.33,9.29,11
103.bmp,1,31,49.75,26.11,29.81,39.63,6.45,3
103.bmp,2,53,85.01,-0.88,1.99,2.18,7.78,9
103.bmp,3,72,57.36,15.74,32.42,36.04,6.45,3
104.bmp,0,12,42.61,21.89,-2.39,22.02,4.47,2
104.bmp,1,31,34.85,9.74,3.91,10.5,2.16,2
104.bmp,2,46,19.49,-6.14,5.67,8.36,5.21,0
104.bmp,3,62,31.71,-7.45,4.25,8.58,14.41,0
104.bmp,4,80,32.47,-3.67,0.83,3.76,5.73,1
105.bmp,0,10,42.03,1.67,21.65,21.71,3.93,11
105.bmp,1,36,51.23,-4.37,45.71,45.92,4.35,4
105.bmp,2,55,15.82,-1.06,15.85,15.89,1.62,0
105.bmp,3,75,32,29.57,27.61,40.45,1.71,2
106.bmp,0,13,72.05,-3.61,20.48,20.8,8.45,10
106.bmp,1,40,65.61,25.61,40.42,47.85,4.19,3
106.bmp,2,59,52.34,9.53,14.04,16.97,10.51,1
106.bmp,3,77,58.9,-31.05,13.83,33.99,3.49,5
107.bmp,0,13,46.16,23.26,-2.25,23.37,8.18,2
107.bmp,1,31,39.65,23.3,-3.73,23.6,1.75,2
107.bmp,2,45,22.78,-5.18,-8.09,9.61,10.16,0
107.bmp,3,61,24.27,-9.13,-7.2,11.63,13.75,0
107.bmp,4,79,39.79,-3.03,-4.63,5.53,14.84,1
108.bmp,0,10,72.4,-8.26,28.37,29.54,4.76,11
108.bmp,1,40,86.25,-18.77,68.62,71.14,3.42,4
108.bmp,2,64,63.72,-24.88,15.5,29.31,1.63,5
108.bmp,3,84,57.79,7.56,-21.19,22.5,0.78,7
109.bmp,0,12,26.47,14.73,-26.46,30.28,2.86,7
109.bmp,1,28,42.33,-17.59,3.59,17.95,2.17,5
109.bmp,2,46,17.32,7.17,6.4,9.61,0.82,1
109.bmp,3,80,37.93,-4.18,22.6,22.98,3.74,10
110.bmp,0,11,74.59,-5.55,16.45,17.36,4.47,11
110.bmp,1,41,85.17,-14.23,58.87,60.56,2.69,4
110.bmp,2,64,66.04,-19.63,14.43,24.36,0.78,5
110.bmp,3,85,62.29,8.54,-26.03,27.4,1.84,7
111.bmp,0,15,39.94,0.87,17.6,17.62,2.05,10
111.bmp,1,40,26.97,27.94,21.67,35.36,1.97,2
111.bmp,2,58,27.09,30.58,22.35,37.88,1.49,2
111.bmp,3,77,23.99,11.29,16.1,19.66,3,1
112.bmp,0,10,25.22,7.02,19.36,20.59,7.52,1
112.bmp,1,31,16.01,-5.33,13.46,14.47,7.42,0
112.bmp,2,51,33.72,28.35,25.5,38.13,6.65,2
113.bmp,0,16,29.69,13.54,22.5,26.26,1.19,1
113.bmp,1,33,51.29,-0.85,1.05,1.35,2.07,8
113.bmp,2,53,32.7,9.8,26.91,28.64,4.21,1
113.bmp,3,78,55.5,0.8,21.65,21.67,4.55,10
114.bmp,0,19,58.49,9.63,-13.52,16.6,0.79,7
114.bmp,1,36,44.56,-22.07,15.25,26.83,3.81,5
114.bmp,2,59,41.92,34.2,25.98,42.95,2.23,2
114.bmp,3,81,54.04,-1.49,19.13,19.18,5.1,10
115.bmp,0,11,88.22,-3.79,4.72,6.05,1.62,9
115.bmp,1,30,29.19,8.69,20.73,22.47,4,1
115.bmp,2,51,35.23,31.09,25.88,40.45,3.37,2
115.bmp,3,70,57.39,-3.37,25.47,25.69,7.16,10
116.bmp,0,13,54.48,-20.05,24.56,31.7,6.46,5
116.bmp,1,31,36.09,7.41,35.28,36.05,6.55,1
116.bmp,2,51,29.91,-6.47,26.72,27.5,15.22,0
116.bmp,3,74,53.24,-3.28,35.07,35.22,7.01,10
117.bmp,0,12,51.22,-17.42,26.91,32.05,5.65,5
117.bmp,1,31,33.69,8.87,29.29,30.6,6.04,1
117.bmp,2,50,19.24,-3.71,25.56,25.82,3.06,0
118.bmp,0,13,21.74,4.69,11.34,12.27,3.51,1
118.bmp,1,34,26.5,-6.48,14.97,16.31,3.42,5
118.bmp,2,53,30.68,18.56,26.36,32.24,2.73,3
119.bmp,0,12,35.87,19.12,-0.52,19.13,1.83,2
119.bmp,1,30,31.51,15.01,-1.83,15.12,1.54,2
119.bmp,2,46,21.4,-4.48,-6.35,7.77,1.96,0
119.bmp,3,60,21.84,-5.79,-7.92,9.82,5.89,0
119.bmp,4,79,34.62,-4.84,-2.05,5.26,11.39,1
120.bmp,0,13,48.78,-0.3,23.61,23.62,1.53,10
120.bmp,1,58,38.23,12.07,-22.57,25.59,1.91,7
120.bmp,2,78,67.43,-7.18,51.21,51.71,2.47,4
121.bmp,0,34,22.71,26.23,13.83,29.65,3.13,2
121.bmp,1,54,10.97,0.01,3.85,3.85,2.42,0
121.bmp,2,74,15.58,12.63,7.22,14.55,2.22,1
122.bmp,0,10,58.11,-1.77,26.32,26.38,8.4,11
122.bmp,1,37,37.55,31.85,29.81,43.62,3.32,2
122.bmp,2,57,14.81,-4.42,12.29,13.06,4.14,0
122.bmp,3,78,28.16,13.93,20.76,25,2.39,1
123.bmp,0,13,62.31,-20.03,25.68,32.57,3.37,5
123.bmp,1,33,44.05,10.51,38.16,39.58,3.88,1
123.bmp,2,52,31.94,-4.83,29.34,29.74,15.69,0
123.bmp,3,75,71.7,1.33,37.22,37.25,15.04,10
124.bmp,0,36,27.64,12.05,23.5,26.41,1.62,1
124.bmp,1,57,34.9,8.45,-13.82,16.2,2.79,7
124.bmp,2,76,38.62,31.39,26.25,40.92,1.07,2
125.bmp,0,11,34.6,22.84,-3.95,23.17,3.45,2
125.bmp,1,30,31.58,17.4,-1.9,17.5,2.62,2
125.bmp,2,45,17,-1.7,-12.27,12.39,2.98,0
125.bmp,3,60,16.39,-4.11,-9.68,10.52,6.63,0
125.bmp,4,79,31.13,-5.79,-0.74,5.83,12.42,1
126.bmp,0,37,51.17,20.12,32.5,38.22,1.09,3
126.bmp,1,57,52.97,22.03,34.59,41.01,1.23,3
126.bmp,2,75,51.38,26.91,35.29,44.38,0.83,3
127.bmp,0,9,46.44,-2.46,25.73,25.85,8.78,10
127.bmp,1,35,37.84,35.33,27.29,44.64,2.54,2
127.bmp,2,54,14.96,-5.35,10.12,11.45,4.55,0
127.bmp,3,75,29.45,16.97,17.73,24.54,3.01,1
128.bmp,0,42,68.27,-15.46,50.29,52.61,3.53,4
128.bmp,1,65,53.51,-17.33,9.66,19.84,1.26,5
128.bmp,2,86,54.69,7.77,-24.19,25.4,3.09,7
129.bmp,0,10,55.58,-1.22,26.92,26.95,7.48,10
129.bmp,1,37,36.52,32.96,27.2,42.73,2.65,2
129.bmp,2,57,17.43,-4.14,13.11,13.74,10.11,0
129.bmp,3,77,27.43,14.77,19.73,24.64,2.64,1
130.bmp,0,13,32.93,7.56,16.72,18.35,6.4,1
130.bmp,1,34,18.46,1.06,14.77,14.8,11.42,0
130.bmp,2,54,31.01,30.5,26.76,40.58,2.59,2
130.bmp,3,76,43.94,-1.62,25.11,25.16,3.04,10
131.bmp,0,15,53.65,-3.78,-0.11,3.79,1.6,8
131.bmp,1,32,48.71,37.92,36.97,52.96,4.45,2
131.bmp,2,49,49.04,37.71,33.46,50.41,2.1,2
131.bmp,3,79,55.76,-4.7,26.02,26.44,7.96,10
132.bmp,0,12,79.11,-2.71,3.8,4.66,2.16,9
132.bmp,1,30,23.8,7.97,18.64,20.28,2.61,1
132.bmp,2,51,29.12,29.65,24.66,38.56,1.93,2
132.bmp,3,68,44.36,-1.97,20.42,20.51,5.76,10
133.bmp,0,15,35.6,22.13,3.27,22.37,1.9,2
133.bmp,1,34,32.77,15.11,5.4,16.05,1.26,2
133.bmp,2,50,20.62,-7.21,1.22,7.31,7.64,0
133.bmp,3,63,15.3,-8.57,-1.64,8.72,3,0
133.bmp,4,82,34.33,-4.87,0.64,4.92,12.31,1
134.bmp,0,13,55.66,-26.35,27.61,38.17,2.49,5
134.bmp,1,31,47.72,-4.63,-14.59,15.31,4.42,6
134.bmp,2,51,51,4.64,14.93,15.63,9.87,1
134.bmp,3,78,59.31,-0.97,18.92,18.94,3.97,11
135.bmp,0,6,48.68,-4.1,18.55,19,4.91,10
135.bmp,1,27,42.54,26.82,33.98,43.29,2.39,3
135.bmp,2,49,78.43,-2.18,2.12,3.04,3.78,9
135.bmp,3,69,50.64,17.74,24.43,30.19,6.42,3
136.bmp,0,40,58.17,20.25,43.68,48.14,2.13,3
136.bmp,1,59,58.39,23.73,45.3,51.14,1.9,3
136.bmp,2,78,61.2,30.45,51.51,59.84,1.58,3
137.bmp,0,36,71.31,-7.56,59.62,60.1,4.37,4
137.bmp,1,55,20.78,-2.58,14.79,15.01,1.51,0
137.bmp,2,76,42.37,36.22,33.54,49.36,2.7,2
138.bmp,0,9,36.26,-2.38,18.44,18.59,4.27,10
138.bmp,1,29,33.14,24.41,25.15,35.05,3.55,3
138.bmp,2,50,64.94,-3.4,5.39,6.37,2.71,9
138.bmp,3,70,39.64,13.83,24.21,27.88,4.58,3
139.bmp,0,15,68.1,9.29,-11.5,14.79,5.2,7
139.bmp,1,32,55.27,-22.69,21.31,31.13,8.91,5
139.bmp,2,55,52.81,38.86,30.86,49.63,2.52,2
140.bmp,0,12,41.63,4.44,11.53,12.35,4.66,1
140.bmp,1,35,48.8,-19.1,8.26,20.81,1.12,5
140.bmp,2,54,54.96,17.94,21.58,28.07,1.63,3
141.bmp,0,12,63.01,-0.61,1.98,2.07,2.46,9
141.bmp,1,34,14.93,8.38,12.08,14.7,6.36,1
141.bmp,2,53,20.53,26.73,16.06,31.19,4.03,2
142.bmp,0,37,71.86,-11.14,66.5,67.42,9.79,4
142.bmp,1,60,53.69,-16.57,21.11,26.83,3.84,5
142.bmp,2,80,52.24,7.88,-15.23,17.15,1.27,7
143.bmp,0,18,54.19,7.57,-13.11,15.14,1.54,7
143.bmp,1,35,40.65,-19.58,16.16,25.38,5.04,5
143.bmp,2,58,39.54,31.62,26.19,41.05,2.12,2
143.bmp,3,80,55.24,-3.37,22.34,22.6,6.69,10
144.bmp,0,13,57.65,-2.08,22.02,22.12,2.87,10
144.bmp,1,38,63.7,34.6,58.06,67.59,1.28,3
144.bmp,2,58,84.38,-1.03,-5.7,5.79,0.46,8
144.bmp,3,77,51.2,12.83,-55.35,56.82,1.76,6
145.bmp,0,12,42.43,-17.74,24.99,30.65,3.82,5
145.bmp,1,32,20.11,9.63,22.28,24.27,0.85,1
145.bmp,2,51,11.24,-2.28,13.62,13.81,3.5,0
145.bmp,3,75,49.69,-0.82,25.52,25.54,1.34,11
146.bmp,0,13,37.69,3.77,16.97,17.38,4.18,1
146.bmp,1,35,44.5,-12.29,16.53,20.6,7.42,5
146.bmp,2,54,48.48,22.71,32.67,39.79,4.94,3
147.bmp,0,16,65.86,8.41,-11.22,14.02,6.1,7
147.bmp,1,33,53.48,-23.32,20.4,30.98,8.36,5
147.bmp,2,56,52.65,38.56,36.74,53.26,4.71,2
148.bmp,0,36,70.57,-8.15,61.11,61.65,4.83,5
148.bmp,1,55,19.95,-3.31,16.78,17.1,3.04,0
148.bmp,2,76,42.97,36.21,33.93,49.62,2.69,2
149.bmp,0,11,49.23,-15.79,26.71,31.02,3.25,5
149.bmp,1,31,32.75,10.09,27.64,29.43,4.81,1
149.bmp,2,50,19.38,-4.64,24.34,24.77,4.74,0
150.bmp,0,15,50.52,-3.32,26.03,26.24,3.26,10
150.bmp,1,39,51.2,30.71,50.22,58.86,1.62,3
150.bmp,2,57,69.39,-4.72,0.41,4.74,1.89,8
150.bmp,3,78,42.49,6.5,-43.53,44.02,1.51,6
151.bmp,0,12,42.6,9.77,-23.14,25.12,1.87,7
151.bmp,1,28,54.61,-25.4,11.19,27.76,1.13,5
151.bmp,2,46,31.03,7.76,8.88,11.8,0.56,1
151.bmp,3,81,52.08,-7.53,28.94,29.9,4.95,10
152.bmp,0,13,31.65,11.89,-24.03,26.81,2.7,7
152.bmp,1,28,47.41,-23.18,9.11,24.9,1.92,5
152.bmp,2,47,21.17,7.55,4.16,8.62,0.6,1
152.bmp,3,80,41.61,-4.26,27.07,27.4,3.2,10
153.bmp,0,60,33.99,8.53,-19.84,21.6,2.66,7
153.bmp,1,82,62.76,-9.9,54.4,55.3,2.64,4
154.bmp,0,6,31.2,-1.4,13.18,13.25,6.57,10
154.bmp,1,32,28.38,29.62,21.33,36.5,4.03,2
154.bmp,2,51,10.33,-0.11,4.76,4.76,6,0
154.bmp,3,71,21.86,16.18,9.4,18.72,2.42,1
155.bmp,0,15,49.41,-4.28,21.89,22.3,2.51,11
155.bmp,1,48,34.38,24.32,16.85,29.59,5.29,2
155.bmp,2,62,33.54,-1.68,-11.67,11.79,4.38,6
156.bmp,0,15,40.09,12.89,23.99,27.23,2.91,1
156.bmp,1,33,65.64,-3.52,-4.06,5.37,2.49,8
156.bmp,2,52,42.53,9.94,38.61,39.87,3.23,1
157.bmp,0,14,39.61,25.98,0.15,25.98,1.97,2
157.bmp,1,32,36.95,21.97,-3.89,22.31,2.34,2
157.bmp,2,46,23.3,-1.69,-13.9,14,10.36,0
157.bmp,3,62,20.87,-4.71,-12.33,13.2,11.34,0
157.bmp,4,80,34.61,-4.59,-1.5,4.83,10.24,1
158.bmp,0,18,27.91,13.88,23.89,27.62,2.2,1
158.bmp,1,35,55.11,-2.35,-1.14,2.61,1.88,8
158.bmp,2,55,31.4,12.23,26.52,29.2,2.82,1
158.bmp,3,81,52.06,-0.55,24.74,24.74,4.98,10
159.bmp,0,12,42.45,9.81,-23.06,25.07,1.38,7
159.bmp,1,28,54.88,-25.87,12.2,28.6,1.02,5
159.bmp,2,46,30.63,6.68,9.58,11.68,1.46,1
159.bmp,3,80,48.86,-6.73,26.62,27.46,2.28,10
160.bmp,0,17,50.57,-2.1,27.71,27.79,5.93,10
160.bmp,1,36,36.33,31.26,28.66,42.41,2.48,2
160.bmp,2,54,61.91,-8.06,57.47,58.03,5.77,4
160.bmp,3,74,38.74,36.4,23.48,43.32,2.32,2
161.bmp,0,35,78.02,-8.75,61.71,62.32,4.39,4
161.bmp,1,52,23.92,-5.99,21.24,22.07,3.33,0
161.bmp,2,74,49.05,40.15,36.47,54.24,4.72,2
162.bmp,0,9,20.69,12.39,-20.41,23.87,4.04,7
162.bmp,1,29,23.57,-16.09,18.09,24.21,4.83,5
162.bmp,2,50,4.56,-0.63,2.83,2.9,0.68,0
162.bmp,3,74,22.47,-0.3,14.65,14.65,6.56,10
163.bmp,0,13,52.81,-0.6,15.88,15.89,4.17,10
163.bmp,1,38,39.77,29.77,18.87,35.25,3.64,2
163.bmp,2,58,23.4,-2.5,8.36,8.73,4.82,0
163.bmp,3,78,33.88,10.79,17.32,20.4,3.18,1
164.bmp,0,21,58.97,-29.37,27.82,40.46,1.51,5
164.bmp,1,39,49.87,-3.19,-20.5,20.75,4.73,6
164.bmp,2,59,45.89,5.47,12.29,13.46,6.06,1
164.bmp,3,86,57.33,-5.3,18.17,18.93,4.57,10
165.bmp,0,11,52.52,9.55,-6.09,11.32,1.83,7
165.bmp,1,28,38.59,-19.42,20.93,28.55,4.57,5
165.bmp,2,50,42.79,33.75,30.75,45.66,3.9,2
166.bmp,0,17,50.81,23.51,32.06,39.75,3.02,3
166.bmp,1,39,47.02,22.53,33.55,40.41,2.35,3
166.bmp,2,57,66.11,-11.05,54.63,55.73,2.47,4
166.bmp,3,76,49.34,-6.5,22.17,23.1,5.79,10
167.bmp,0,18,28.35,14.1,24.36,28.15,1.01,1
167.bmp,1,35,54.25,-1.26,-1.8,2.19,1.98,8
167.bmp,2,55,31.55,12.89,28.68,31.44,3.81,1
167.bmp,3,81,54.02,-1.53,26.32,26.37,5.71,10
168.bmp,0,13,64.52,-26.17,36.45,44.87,2.83,5
168.bmp,1,33,47.97,-0.8,-14.75,14.77,3.62,6
168.bmp,2,53,50.86,8.04,21.95,23.37,8.91,1
168.bmp,3,82,79.06,-2.76,32.91,33.02,7.44,11
169.bmp,0,38,80.81,-9.96,59.13,59.96,0.89,4
169.bmp,1,58,21.45,-8.25,15.81,17.83,4.02,0
169.bmp,2,79,45.84,38.58,29.81,48.75,5.16,2
170.bmp,0,11,61.32,-5.06,28.31,28.76,4.89,10
170.bmp,1,46,49.48,20.96,28.52,35.4,5.15,2
170.bmp,2,60,47.73,-2.96,-10.71,11.11,2.87,6
170.bmp,3,73,51.34,1.67,20.98,21.05,2.32,1
171.bmp,0,21,65.74,-1.59,24.49,24.54,7.83,10
171.bmp,1,49,45.27,9.55,21.69,23.7,11.52,1
171.bmp,2,67,48.22,31.38,29.55,43.11,1.78,2
171.bmp,3,86,50.3,34.8,30.48,46.26,2.07,2
172.bmp,0,19,41.89,25.18,27.03,36.94,2.06,3
172.bmp,1,40,39.55,18.63,30.79,35.98,2.64,3
172.bmp,2,58,56.79,-8.45,42.78,43.6,0.68,4
172.bmp,3,78,43.86,-6.29,18.58,19.61,7.61,10
173.bmp,0,16,63.02,-31.83,32.41,45.43,1.68,5
173.bmp,1,34,52.32,-3.75,-21.78,22.1,4.5,6
173.bmp,2,54,54.07,5.08,15.72,16.52,9.79,1
173.bmp,3,81,65.07,-4.81,20.5,21.06,6.35,10
174.bmp,0,44,37.63,26.99,35.02,44.21,2.96,3
174.bmp,1,61,14.72,1.2,13.26,13.32,2.38,0
174.bmp,2,79,30.86,29.69,25.26,38.98,1.99,2
175.bmp,0,10,25.61,-1.65,16.64,16.73,6.58,10
175.bmp,1,36,22.91,25.54,18.99,31.83,3.9,2
175.bmp,2,56,7.8,-0.21,5.24,5.24,3.42,0
175.bmp,3,76,15.88,11.2,10.83,15.58,2.64,1
176.bmp,0,14,55.76,-24.73,36.23,43.86,0.95,5
176.bmp,1,33,41.88,-3.33,-11.79,12.25,2.98,6
176.bmp,2,54,39.04,8.14,23.88,25.23,4.38,1
176.bmp,3,81,67.81,-2.14,26.9,26.98,6.65,11
177.bmp,0,17,56.83,-3.88,-0.79,3.95,1.32,8
177.bmp,1,34,49.96,38.73,42.55,57.54,3.15,2
177.bmp,2,50,51.87,35.85,41.04,54.5,4.47,2
177.bmp,3,75,54.77,-5.23,28.51,28.99,6.07,10
178.bmp,0,21,65.36,-1.57,22.88,22.94,7.3,10
178.bmp,1,50,38.88,12.04,21.68,24.8,4.06,2
178.bmp,2,67,48.15,32.4,27.56,42.53,2.24,2
178.bmp,3,86,49.89,35.27,28.1,45.1,1.56,2
179.bmp,0,13,84.57,-3.09,3.84,4.93,3.27,9
179.bmp,1,33,29.3,6.37,18.08,19.17,6.36,1
179.bmp,2,53,38.49,26.37,22.77,34.84,7.03,2
179.bmp,3,70,48.97,-2.78,20.18,20.37,7.02,10
180.bmp,0,15,32.78,5.14,16.3,17.09,4.17,1
180.bmp,1,36,40.71,-17.97,18.19,25.57,4.53,5
180.bmp,2,55,45.06,22.67,37.45,43.78,3.69,3
181.bmp,0,12,53.88,-14.63,22.04,26.46,2.91,5
181.bmp,1,31,29.46,9.8,23.57,25.53,1.63,1
181.bmp,2,50,20.28,-1.54,21.05,21.1,9.67,0
182.bmp,0,15,65.39,-4.59,32.85,33.17,3.81,10
182.bmp,1,43,66.36,-3.88,34.08,34.3,4.22,10
182.bmp,2,61,50.71,13.84,-33.24,36.01,1.48,7
182.bmp,3,82,83.07,-10.96,64.26,65.18,1.71,4
183.bmp,0,18,64.14,-2.21,22.95,23.05,8.9,10
183.bmp,1,49,43.81,7.27,23.44,24.54,2.78,1
183.bmp,2,67,50.83,33.56,28.2,43.84,2.04,2
184.bmp,0,44,44.32,23.77,39.76,46.32,3.61,3
184.bmp,1,60,20.61,-0.52,13.4,13.41,3.28,0
184.bmp,2,78,35.93,26.55,30.78,40.65,2.47,2
185.bmp,0,9,28.5,13.4,-24.37,27.81,2.38,7
185.bmp,1,29,29.03,-17.17,25.34,30.61,3.47,5
185.bmp,2,51,8.73,1,7.61,7.67,3.98,0
185.bmp,3,75,19.89,-1.44,15.67,15.74,2.17,10
186.bmp,0,14,61.46,29.65,49.47,57.68,1.63,3
186.bmp,1,34,60.03,26.27,50.08,56.55,1.22,3
186.bmp,2,53,74.11,-7.41,56.65,57.14,1.7,4
186.bmp,3,80,64.58,-3.42,31.71,31.89,7.16,11
187.bmp,0,37,49.59,18.55,35.79,40.31,1.89,3
187.bmp,1,54,25.25,-2.01,4.49,4.92,2.07,0
187.bmp,2,77,35.97,9.68,15.3,18.1,1.2,1
188.bmp,0,11,49.22,14.51,-32.29,35.4,1.41,7
188.bmp,1,27,55.51,-20.65,13.44,24.64,2.48,5
188.bmp,2,46,43.21,5.63,14.25,15.32,7,1
188.bmp,3,80,49.57,-3.43,28.96,29.16,11.84,10
189.bmp,0,18,52.84,-2.43,28.14,28.24,7.21,10
189.bmp,1,36,36.53,31.31,27.1,41.41,2.92,2
189.bmp,2,54,61.39,-8.67,57.67,58.31,5.64,4
189.bmp,3,74,38.45,37.3,23.16,43.9,2.26,2
190.bmp,0,14,35.41,12.89,26.44,29.42,2.22,1
190.bmp,1,31,62.74,-4.41,3.94,5.92,1.31,8
190.bmp,2,50,43.98,8.64,28.22,29.52,3.72,1
190.bmp,3,74,86.17,-3.84,32.9,33.12,8.35,11
191.bmp,0,14,16.46,10.42,13.25,16.86,1.07,1
191.bmp,1,31,36.32,-0.91,0.53,1.05,3.34,8
191.bmp,2,50,20.02,9.69,21.38,23.47,2.69,1
191.bmp,3,75,37.34,1.72,18.6,18.68,6.22,10
192.bmp,0,12,27.01,8.97,17.34,19.52,2.4,1
192.bmp,1,30,54.08,-5.41,-2.66,6.03,3.65,8
192.bmp,2,49,29.13,8.1,24.79,26.08,3.37,1
192.bmp,3,74,50.88,-4.1,26.15,26.47,3.75,10
193.bmp,0,11,39.26,11.26,-20.33,23.24,4.81,7
193.bmp,1,31,45.18,-20.34,33.19,38.93,4.69,5
193.bmp,2,51,9.43,-3.73,8.13,8.94,6.31,0
194.bmp,0,13,58.62,26.4,51.13,57.54,1.49,3
194.bmp,1,33,56.7,24.01,51.1,56.46,1.92,3
194.bmp,2,53,72.78,-6.85,51.11,51.57,2.47,4
195.bmp,0,13,28.41,5.85,10.24,11.79,5.17,1
195.bmp,1,35,38.36,-14.76,10.29,17.99,5.55,5
195.bmp,2,53,37.97,22.38,23.81,32.67,1.49,3
196.bmp,0,10,39.68,13.02,-29.83,32.55,3.48,7
196.bmp,1,29,46.93,-27.04,33.89,43.35,4.14,5
196.bmp,2,49,12.4,-4.27,11.5,12.26,3.58,0
196.bmp,3,72,42.69,-5.44,27.6,28.13,8.52,10
197.bmp,0,22,63.58,-0.69,32.35,32.35,3.86,11
197.bmp,1,50,41.46,9.29,29.77,31.19,3.7,1
197.bmp,2,67,49.63,34.82,40.02,53.05,2.91,2
197.bmp,3,84,51.01,34.41,30.74,46.14,3.71,2
198.bmp,0,20,64.58,-3.67,27.62,27.87,8.65,10
198.bmp,1,50,45.71,4.93,35.27,35.62,8.36,1
198.bmp,2,66,51.3,32.67,32.11,45.81,2.81,2
199.bmp,0,19,42.17,-4.44,-1.21,4.6,2.56,8
199.bmp,1,36,31.77,37.24,33.29,49.95,2.56,2
199.bmp,2,52,31.68,34.33,30.52,45.93,3.72,2
199.bmp,3,78,31.84,-8.28,24.32,25.69,3.21,10
200.bmp,0,18,30.24,1.61,-3.26,3.64,3.68,8
200.bmp,1,36,22.97,28.68,22.93,36.72,3.26,2
200.bmp,2,54,22.29,26.45,19.11,32.63,4.22,2
200.bmp,3,81,21.56,-2.35,14.18,14.38,2.84,10
201.bmp,0,13,66.91,-2.96,30.17,30.32,3.23,10
201.bmp,1,41,62.68,32.1,52.28,61.35,1.65,3
201.bmp,2,59,18.45,-8.2,15,17.1,2.74,0
201.bmp,3,76,52.73,30.12,35.3,46.41,8.85,2
202.bmp,0,13,98.97,-0.61,-0.15,0.62,0.97,9
202.bmp,1,32,35.44,9.11,24.59,26.23,5.61,1
202.bmp,2,53,48.2,33.61,25.27,42.06,8.99,2
202.bmp,3,69,54.66,-0.88,17.73,17.75,8.99,10
203.bmp,0,12,59.06,-1.27,27.86,27.89,4,10
203.bmp,1,41,60.63,-2.79,28.49,28.63,4.18,10
203.bmp,2,59,45.87,12.15,-27.98,30.5,0.67,7
203.bmp,3,80,78.64,-9.48,59.77,60.52,1.28,4
204.bmp,0,15,33.69,4.93,16.02,16.76,4.11,1
204.bmp,1,36,41.36,-18.05,17.97,25.47,4.84,5
204.bmp,2,54,44.91,24.48,35.4,43.04,3.43,3
204.bmp,3,73,58.6,-2.17,19.46,19.58,5.88,10
205.bmp,0,9,58.66,-5.84,27.26,27.88,3.25,11
205.bmp,1,43,35.54,18.43,25.27,31.28,3.22,2
205.bmp,2,58,38.55,-0.75,-19.39,19.4,6.59,6
205.bmp,3,72,43.04,0.59,19.03,19.03,2.45,1
206.bmp,0,49,42.63,22.45,16.55,27.89,8.18,2
206.bmp,1,63,42.88,0.94,-23.41,23.43,4.7,6
207.bmp,0,10,67.11,-2.75,2.07,3.44,2.38,9
207.bmp,1,31,18.52,6.9,10.37,12.46,4.71,1
207.bmp,2,51,24.53,28.39,18.03,33.63,1.35,2
208.bmp,0,19,63.73,-2.07,26.13,26.21,6.77,10
208.bmp,1,49,44.65,9.66,26.3,28.02,3.76,1
208.bmp,2,66,53.38,35.85,30.94,47.35,1.98,2
209.bmp,0,42,60.61,-1.74,33.51,33.55,4.83,10
209.bmp,1,60,47.16,10.19,-24.11,26.18,1.85,7
209.bmp,2,81,79.58,-9.61,58.57,59.36,2.21,4
210.bmp,0,16,62.9,11.74,-21.64,24.62,1.83,7
210.bmp,1,33,47.38,-21.99,15.1,26.68,5.19,5
210.bmp,2,56,46.83,38.01,30.78,48.91,1.94,2
210.bmp,3,78,60.52,-4.86,21.46,22,8.38,10
211.bmp,0,15,25.72,0.66,15.33,15.35,2.61,10
211.bmp,1,41,32.8,22.53,32.05,39.18,1.35,3
211.bmp,2,58,46.13,-2.47,5.31,5.86,3.62,8
211.bmp,3,79,26.87,4.29,-29.55,29.86,1.77,6
212.bmp,0,19,52.06,-6.66,-0.57,6.68,1.36,8
212.bmp,1,35,43.36,41.48,40.98,58.31,3.91,2
212.bmp,2,52,42.1,43.54,34.86,55.77,2.99,2
212.bmp,3,81,53.3,-7.47,26.73,27.76,9.14,10
213.bmp,0,14,23.82,13.65,20.81,24.89,2.42,1
213.bmp,1,31,52.37,-3.17,0.88,3.29,2.6,8
213.bmp,2,51,26.85,11.56,26.16,28.6,3.78,1
213.bmp,3,75,50.78,0.36,21.72,21.72,3.05,10
214.bmp,0,21,49,28.18,36.79,46.34,1.09,3
214.bmp,1,43,46.49,23.78,33.34,40.95,1.11,3
214.bmp,2,59,64.01,-9.14,50.27,51.1,1.38,4
214.bmp,3,80,52.75,-6.19,23.87,24.66,5.4,10
215.bmp,0,11,34.01,-0.61,15.9,15.91,4.08,10
215.bmp,1,35,33.41,25.39,34.03,42.46,2.31,3
215.bmp,2,53,49.54,-3.19,0.61,3.25,2.55,8
215.bmp,3,73,26.57,8.5,-35.75,36.74,1.59,6
216.bmp,0,39,34.13,21.87,27.49,35.13,2.73,3
216.bmp,1,57,8.47,-1.93,3.93,4.38,2.01,0
216.bmp,2,77,19.16,13.65,14.07,19.6,1.05,1
217.bmp,0,14,42.95,9.38,-20.34,22.4,5.34,7
217.bmp,1,34,46.44,-21.92,36.43,42.52,4.87,5
217.bmp,2,55,10.48,-2.69,8.08,8.51,5.48,0
217.bmp,3,79,62.1,-3.22,28.75,28.93,7.73,11
218.bmp,0,13,29.46,8.57,6.24,10.6,6.7,1
218.bmp,1,34,43.55,-12.71,4.16,13.37,2.63,5
218.bmp,2,53,41.61,21,22.16,30.53,0.98,3
219.bmp,0,17,56.06,-2.02,21.39,21.48,3.18,10
219.bmp,1,37,55.83,17.43,36.21,40.19,3.59,3
219.bmp,2,55,19.15,-4.79,11.5,12.45,3.35,0
219.bmp,3,78,36.59,12.41,20.11,23.62,5.12,1
220.bmp,0,13,38.84,10.28,-24.24,26.33,2.95,7
220.bmp,1,29,48.47,-19.52,5.07,20.17,2.66,5
220.bmp,2,47,27.04,7.11,5.28,8.86,1.15,1
220.bmp,3,81,42.99,-4.54,25.59,25.99,4.34,10
221.bmp,0,15,44.53,-1.05,26.54,26.56,2.84,10
221.bmp,1,43,47.69,24.6,43.25,49.75,2.02,3
221.bmp,2,60,18.19,-3.55,13.28,13.75,6.73,0
221.bmp,3,78,38.52,31.72,31.6,44.77,3.65,2
222.bmp,0,21,45.39,24.81,34.02,42.11,2.29,3
222.bmp,1,43,45.04,20.94,34.06,39.98,1.47,3
222.bmp,2,60,61.47,-5.92,48.53,48.89,1.43,4
222.bmp,3,80,56.02,-3.04,23.57,23.77,4.2,10
223.bmp,0,18,57.98,-3.3,29.98,30.17,6.15,10
223.bmp,1,46,60.83,31.57,46.97,56.59,2.71,3
223.bmp,2,62,31.34,-4.63,21.51,22,6.06,0
223.bmp,3,80,48.38,34.04,37.35,50.53,2.67,2
224.bmp,0,12,33.54,8.64,17.68,19.68,2.65,1
224.bmp,1,29,67.52,-7.86,1.61,8.02,6.18,8
224.bmp,2,49,43.3,7.35,26.02,27.04,4.39,1
224.bmp,3,73,65.87,-3.23,26.64,26.84,4.55,10
225.bmp,0,15,70.61,25.1,59.73,64.79,2.07,3
225.bmp,1,35,67.83,21.07,52.54,56.61,3.55,3
225.bmp,2,54,75.34,-5.86,55.62,55.93,4.97,4
225.bmp,3,78,50.74,-2.13,24.62,24.71,3.19,10
226.bmp,0,19,56.81,-1.97,22.66,22.74,6.57,10
226.bmp,1,49,36.6,7.7,16.6,18.3,4.95,1
226.bmp,2,66,43.46,29.42,22.33,36.93,3.28,2
227.bmp,0,10,35.49,10.89,-25.55,27.77,5.3,7
227.bmp,1,29,36.98,-20.34,26.94,33.75,5.09,5
227.bmp,2,48,12.22,-2.79,8.46,8.91,6.17,0
227.bmp,3,72,28.73,-4.73,21.43,21.95,3.53,10
228.bmp,0,42,63,-8.71,48.98,49.75,1.36,4
228.bmp,1,62,15.68,-5.45,15.26,16.2,4.59,0
228.bmp,2,82,34.1,34.37,27.42,43.97,2.03,2
229.bmp,0,10,42.82,8.11,-19.46,21.08,1.94,7
229.bmp,1,30,49.72,-22.03,27.84,35.5,3.35,5
229.bmp,2,51,16.78,-4.34,10.43,11.3,3.76,0
229.bmp,3,74,54.17,-1.54,18.73,18.8,5.2,10
230.bmp,0,18,32.03,-2.69,-2.78,3.87,2.73,8
230.bmp,1,36,25.46,35.09,27.72,44.72,2.2,2
230.bmp,2,52,26.15,33.31,25.41,41.9,3.5,2
230.bmp,3,80,31.13,-4.38,16.53,17.11,4.24,10
231.bmp,0,13,58.13,-2.32,27.4,27.5,4.35,10
231.bmp,1,42,37.15,9.02,28.34,29.74,5.69,1
231.bmp,2,58,43.66,27.22,27.83,38.93,2.08,2
231.bmp,3,77,50.12,29.93,34.9,45.97,4.26,2
232.bmp,0,19,57.46,-1.45,29.76,29.8,5.36,10
232.bmp,1,47,56.17,31.73,51.03,60.09,1.56,3
232.bmp,2,64,21.1,-4.29,16.03,16.59,3.47,0
232.bmp,3,82,42.78,36.25,38.67,53,2.48,2
233.bmp,0,19,57.5,-0.61,25.91,25.91,5.72,10
233.bmp,1,47,56.21,31.63,49.5,58.74,1.2,3
233.bmp,2,65,19.35,-3.34,17.6,17.92,2.72,0
233.bmp,3,82,43.29,35.59,37.6,51.77,3.48,2
234.bmp,0,12,30.28,10.16,-25.41,27.37,2.27,7
234.bmp,1,28,45.56,-23.23,9.68,25.17,2.21,5
234.bmp,2,45,20.67,6.2,6.53,9,0.7,1
234.bmp,3,77,36.52,-4.36,20.05,20.51,3.1,10
235.bmp,0,40,65.02,-0.54,20.32,20.32,2.12,10
235.bmp,1,61,47.63,11.56,-28.97,31.19,1.89,7
235.bmp,2,82,81.94,-9.53,51.85,52.72,2.41,4
236.bmp,0,12,67.06,-3.9,25.85,26.14,4.33,10
236.bmp,1,38,81.36,-12.24,53.92,55.29,4.74,4
236.bmp,2,57,25.09,-4.27,12.35,13.07,5.26,0
236.bmp,3,76,47.11,34.4,28.56,44.71,3.69,2
237.bmp,0,12,46.61,11.38,-29.89,31.98,1.51,7
237.bmp,1,27,59.88,-27.11,11.48,29.44,1.85,5
237.bmp,2,45,36.04,6.71,8.18,10.58,1.23,1
237.bmp,3,75,52.44,-8.29,23.78,25.19,3.4,10
238.bmp,0,15,33.49,0.68,19.37,19.38,3.67,10
238.bmp,1,41,33.35,29.5,33.15,44.37,2.75,3
238.bmp,2,60,49.61,-1.77,1.65,2.42,2.21,8
238.bmp,3,82,27.4,7.54,-34.44,35.26,1.71,6
239.bmp,0,12,34.07,0.18,17.38,17.38,9.98,10
239.bmp,1,38,30.68,24.76,29.9,38.82,4.48,3
239.bmp,2,57,53.69,-1.92,0.38,1.96,1.5,8
239.bmp,3,78,28.3,9.79,-35.79,37.1,1.45,6
240.bmp,0,13,64.01,-2.35,30.77,30.86,4.04,10
240.bmp,1,42,59.67,-2.17,32.97,33.04,4.73,10
240.bmp,2,60,47.41,11.31,-23.54,26.12,2.02,7
240.bmp,3,82,79.22,-9.49,58.55,59.32,2.67,4
241.bmp,0,16,55.92,-2.19,23.9,24,3.15,10
241.bmp,1,35,56.17,20.32,32.86,38.63,3.37,3
241.bmp,2,54,19.91,-6.66,12.42,14.1,4.41,0
241.bmp,3,73,34.92,7.62,16.08,17.8,4.58,1
242.bmp,0,9,77.75,-3.25,2.98,4.41,2.52,9
242.bmp,1,30,26.06,6.7,12.79,14.44,4.56,1
242.bmp,2,50,29.64,32.47,20.47,38.39,2.28,2
243.bmp,0,8,28.27,8.6,-20.65,22.37,2.44,7
243.bmp,1,27,31.1,-16.41,23.9,28.99,4.26,5
243.bmp,2,48,9.61,-1.5,6.55,6.72,2.59,0
243.bmp,3,72,23.33,-4.55,17.75,18.32,4.55,10
244.bmp,0,13,34.18,5.06,12.88,13.83,2.95,1
244.bmp,1,34,47.2,-21.29,10.27,23.64,1.34,5
244.bmp,2,53,49.26,24.35,26.64,36.1,0.95,3
244.bmp,3,73,64.84,-2.66,20.32,20.49,2.14,11
245.bmp,0,11,51.68,0.11,26.33,26.33,2.45,10
245.bmp,1,36,52.18,20.92,38.87,44.14,1.48,3
245.bmp,2,56,52.73,21.96,39.49,45.18,1.8,3
245.bmp,3,74,52.43,26.19,41.03,48.68,1.1,3
246.bmp,0,8,52.55,15.02,-33.9,37.08,2.68,7
246.bmp,1,27,63.32,-28.88,37.87,47.62,2.28,5
246.bmp,2,46,19.71,-6.14,15.06,16.26,9.87,0
246.bmp,3,72,72.81,-3.84,31.18,31.41,5.73,10
247.bmp,0,14,36.54,-0.28,25.25,25.26,5.62,10
247.bmp,1,41,41.5,25.76,43.3,50.38,1.62,3
247.bmp,2,60,54.3,-2.42,4.82,5.39,3.03,8
247.bmp,3,81,30.84,6.43,-33.32,33.93,2.79,6
248.bmp,0,11,64.78,-2.69,23.74,23.89,5.08,10
248.bmp,1,42,66.84,-3.65,21.14,21.45,8.53,10
248.bmp,2,61,54.53,11.61,-32.21,34.24,2.75,7
248.bmp,3,81,92.55,-12.37,58.2,59.5,1.96,4
249.bmp,0,12,38.4,9.46,-26.4,28.05,2.57,7
249.bmp,1,28,52.64,-25.75,11.78,28.32,1.97,5
249.bmp,2,45,28.48,3.96,7.28,8.29,0.99,1
249.bmp,3,75,43.51,-7.3,22.85,23.99,2.56,10
250.bmp,0,14,36.41,0.51,25.32,25.32,5.4,10
250.bmp,1,41,41.8,26.1,40.86,48.48,1.6,3
250.bmp,2,60,54.29,-2.03,5.62,5.97,3.05,8
250.bmp,3,81,30.6,6.41,-32.97,33.59,2.46,6
251.bmp,0,42,43.41,8.04,17.9,19.63,10.97,1
251.bmp,1,60,47.24,32.4,25.67,41.33,1.68,2
251.bmp,2,78,47.93,32.27,31.98,45.43,1.07,2
252.bmp,0,10,65.42,-5.97,25.05,25.75,4.18,11
252.bmp,1,39,83.1,-16.45,70.56,72.45,1.91,4
252.bmp,2,62,59.53,-21.98,14.58,26.37,1.9,5
252.bmp,3,83,55.21,8.59,-18.66,20.54,1.29,7
253.bmp,0,13,56.19,-2.02,31.32,31.38,5.7,10
253.bmp,1,38,59.93,24.34,43.23,49.61,2.12,3
253.bmp,2,58,61.93,29.24,47.28,55.59,2.28,3
253.bmp,3,76,62.8,33.27,47.72,58.18,1.68,3
254.bmp,0,11,64.13,-1.33,32.75,32.78,6.53,10
254.bmp,1,37,62.65,24.94,40.91,47.92,2.09,3
254.bmp,2,57,63.22,28.01,48.3,55.83,1.96,3
254.bmp,3,76,66.49,32.31,50.47,59.93,1.6,3
255.bmp,0,12,66.95,-7.28,26.48,27.46,5.74,11
255.bmp,1,45,40.18,26.93,23.43,35.7,4.46,2
255.bmp,2,60,44.09,-5.51,-13.5,14.58,6.04,6
256.bmp,0,18,56.33,25.16,37.33,45.01,2.28,3
256.bmp,1,39,59.93,13.46,34.41,36.95,2.41,3
256.bmp,2,56,69.59,-6.42,36.39,36.95,2.86,4
256.bmp,3,76,52.16,-6.23,20.56,21.49,7.38,10
257.bmp,0,8,17.86,1.99,15.55,15.68,1.91,1
257.bmp,1,29,31.96,-2.97,5.11,5.91,2.12,8
257.bmp,2,56,17.73,-0.84,12.99,13.02,8.48,0
258.bmp,0,9,66.72,-6.33,27.4,28.12,3.87,11
258.bmp,1,45,40.58,26.23,23.43,35.17,4.34,2
258.bmp,2,60,42.79,-4.26,-13.87,14.51,6.39,6
258.bmp,3,73,46.88,0.56,19.12,19.13,2.16,1
259.bmp,0,5,23.21,2.11,14.91,15.06,1.98,1
259.bmp,1,30,42.08,-3.14,1.63,3.54,2.38,8
259.bmp,2,51,10.96,-1.43,2.58,2.95,0.84,0
259.bmp,3,71,45.36,-3.68,26.2,26.46,1.67,10
260.bmp,0,18,65.74,-0.57,27.02,27.02,1.13,10
260.bmp,1,45,62.5,33.68,53.1,62.88,1.69,3
260.bmp,2,61,40.93,-7.6,16.6,18.26,16.47,0
260.bmp,3,79,47.89,36.18,36.87,51.66,3.84,2
261.bmp,0,12,51.71,22.65,45.37,50.71,1.75,3
261.bmp,1,33,49.37,21.74,45.75,50.66,0.8,3
261.bmp,2,52,66.83,-7.7,49.63,50.23,2.1,4
262.bmp,0,15,52.66,-6.04,27.82,28.47,4.01,11
262.bmp,1,49,40.51,21.79,25.38,33.46,3.3,2
262.bmp,2,64,41.87,-3.67,-6.56,7.52,3.97,6
263.bmp,0,20,66.07,-2.8,27.96,28.1,3.28,10
263.bmp,1,46,73.89,28.4,59.2,65.66,0.85,3
263.bmp,2,63,21.08,-10.65,18.36,21.22,3.4,0
263.bmp,3,80,56.15,37.85,36.46,52.55,6.15,2
264.bmp,0,12,62.09,25.99,53.76,59.71,1.09,3
264.bmp,1,32,60.2,18.01,47.64,50.93,2.27,3
264.bmp,2,52,73.24,-4.47,50.39,50.58,3.47,4
265.bmp,0,12,54.04,-21.51,34.08,40.3,1.44,5
265.bmp,1,31,43.54,-0.48,-13.79,13.8,3.51,6
265.bmp,2,52,38.47,10.53,21.73,24.15,2.65,1
265.bmp,3,76,58.01,-2.11,28.33,28.4,4.53,10
266.bmp,0,6,28.91,-1.11,22.08,22.11,5.44,1
266.bmp,1,32,47.94,-4.38,1.92,4.78,2.3,8
266.bmp,2,51,13.61,-2.13,4.62,5.08,0.59,0
267.bmp,0,14,34.44,22.73,32.01,39.26,1.51,3
267.bmp,1,34,32.34,16.22,31.48,35.41,1.77,3
267.bmp,2,54,41.83,-1.15,35.01,35.03,4.65,4
268.bmp,0,11,54.66,-22.15,33.95,40.54,1.33,5
268.bmp,1,30,42.34,-1.66,-14.03,14.13,2.42,6
268.bmp,2,51,38.12,11.88,18.32,21.84,2.16,1
268.bmp,3,78,55.41,-0.49,30.11,30.11,4.22,10
269.bmp,0,4,28.39,2.26,18.58,18.71,4.27,1
269.bmp,1,28,60.05,-6.26,1.32,6.4,1.72,8
269.bmp,2,49,18.49,-2.01,3.48,4.01,3.18,0
270.bmp,0,12,46.08,-6.95,25.94,26.86,2.33,10
270.bmp,1,46,28.93,25.99,23.14,34.8,2.2,2
270.bmp,2,61,31.94,2.49,-15.84,16.03,6.7,6
270.bmp,3,74,36.18,0.91,15.96,15.99,1.89,1
271.bmp,0,12,53.4,-22.09,22.94,31.85,2.18,5
271.bmp,1,31,47.05,-1.2,-20.11,20.15,2.13,6
271.bmp,2,51,42.53,6.45,10.08,11.97,4.09,1
271.bmp,3,76,67.01,-1.58,22.53,22.59,5.75,11
272.bmp,0,4,30.02,1.78,18.28,18.36,2.54,1
272.bmp,1,28,59.79,-6.26,1.98,6.57,1.58,8
272.bmp,2,49,17.74,-3.77,8.41,9.21,2.95,0
273.bmp,0,18,47.86,-0.77,19.81,19.82,1.72,10
273.bmp,1,43,47.35,27.83,38.22,47.28,3.4,3
273.bmp,2,60,59.74,-2.73,0.35,2.75,4.08,8
273.bmp,3,82,38.53,3.83,-34.43,34.65,3.87,6
274.bmp,0,26,65.98,-5.38,-1.21,5.51,1.57,8
274.bmp,1,47,18.6,-3.35,6.56,7.36,0.79,0
274.bmp,2,66,67.86,-7.31,28.39,29.32,2.2,11
275.bmp,0,11,68.8,30.79,49.49,58.28,1.28,3
275.bmp,1,32,68.58,31.88,46.77,56.6,0.74,3
275.bmp,2,50,86.34,-9.28,58.14,58.87,1.77,4
276.bmp,0,11,53.74,-6.38,26.91,27.66,1.73,10
276.bmp,1,48,39.06,28.27,23.12,36.52,8.3,2
276.bmp,2,62,40.58,-0.41,-17.72,17.72,4.54,6
277.bmp,0,11,66,-7.32,26.77,27.75,5.28,11
277.bmp,1,39,79.87,-17.09,70.6,72.64,2.5,4
277.bmp,2,61,54.47,-17.3,14.67,22.68,1.5,5
277.bmp,3,83,52.75,5.76,-12.62,13.87,0.85,7
278.bmp,0,11,60.81,1.25,37.27,37.29,11.63,10
278.bmp,1,37,74.35,15.1,51.76,53.91,5.55,3
278.bmp,2,57,75.11,19.65,55.14,58.54,1.93,3
278.bmp,3,75,77.71,20.41,59.61,63.01,0.74,3
279.bmp,0,12,54.68,-4.5,21.21,21.68,3.04,10
279.bmp,1,39,72.76,-14.75,61.89,63.62,3.44,4
279.bmp,2,63,54.3,-18.5,14.13,23.28,1.89,5
280.bmp,0,13,48.83,24.94,44.4,50.92,2.02,3
280.bmp,1,33,46.93,21.08,40.75,45.88,2.34,3
280.bmp,2,52,61.87,-8.86,50.09,50.87,2.64,4
281.bmp,0,6,25.82,2.27,9.1,9.38,6.48,1
281.bmp,1,52,9.99,-1.47,1.59,2.16,1.03,0
282.bmp,0,8,32.98,1.87,15.68,15.79,5.28,1
282.bmp,1,33,55.07,-5.75,1.61,5.98,0.54,8
282.bmp,2,54,15.49,-2.3,4.92,5.44,2.44,0
283.bmp,0,8,34.14,2.17,20.41,20.53,7.84,1
283.bmp,1,30,55.26,-4.19,5.7,7.08,0.9,8
283.bmp,2,55,30.98,-4.65,15.77,16.44,12.63,0
283.bmp,3,72,51.81,-4.66,33.86,34.18,3.05,10
032.bmp,0,14,28.91,2.46,15.71,15.91,4.03,10
032.bmp,1,37,19.22,28.61,18.23,33.92,2.33,2
032.bmp,2,56,13.68,12.14,14.57,18.96,1.5,1
032.bmp,3,73,25.57,-16.6,7.8,18.34,2.18,5
032.bmp,0,14,28.91,2.46,15.71,15.91,4.03,10
032.bmp,1,37,19.22,28.61,18.23,33.92,2.33,2
032.bmp,2,56,13.68,12.14,14.57,18.96,1.5,1
032.bmp,3,73,25.57,-16.6,7.8,18.34,2.18,5
032.bmp,0,14,28.91,2.46,15.71,15.91,4.03,10
032.bmp,1,37,19.22,28.61,18.23,33.92,2.33,2
032.bmp,2,56,13.68,12.14,14.57,18.96,1.5,1
032.bmp,3,73,25.57,-16.6,7.8,18.34,2.18,5
032.bmp,0,14,28.91,2.46,15.71,15.91,4.03,10
032.bmp,1,37,19.22,28.61,18.23,33.92,2.33,2
032.bmp,2,56,13.68,12.14,14.57,18.96,1.5,1
032.bmp,3,73,25.57,-16.6,7.8,18.34,2.18,5
032.bmp,0,14,28.91,2.46,15.71,15.91,4.03,10
032.bmp,1,37,19.22,28.61,18.23,33.92,2.33,2
032.bmp,2,56,13.68,12.14,14.57,18.96,1.5,1
032.bmp,3,73,25.57,-16.6,7.8,18.34,2.18,5
032.bmp,0,14,28.91,2.46,15.71,15.91,4.03,10
032.bmp,1,37,19.22,28.61,18.23,33.92,2.33,2
032.bmp,2,56,13.68,12.14,14.57,18.96,1.5,1
032.bmp,3,73,25.57,-16.6,7.8,18.34,2.18,5
035.bmp,0,13,17.76,-2.73,15.63,15.87,3.79,10
035.bmp,1,38,16.92,2.79,9.27,9.68,5.15,1
035.bmp,2,58,30.11,-5.8,10.59,12.08,3.38,5
035.bmp,3,76,20.58,12.68,-21.03,24.56,2.22,7
035.bmp,0,13,17.76,-2.73,15.63,15.87,3.79,10
035.bmp,1,38,16.92,2.79,9.27,9.68,5.15,1
035.bmp,2,58,30.11,-5.8,10.59,12.08,3.38,5
035.bmp,3,76,20.58,12.68,-21.03,24.56,2.22,7
035.bmp,0,13,17.76,-2.73,15.63,15.87,3.79,10
035.bmp,1,38,16.92,2.79,9.27,9.68,5.15,1
035.bmp,2,58,30.11,-5.8,10.59,12.08,3.38,5
035.bmp,3,76,20.58,12.68,-21.03,24.56,2.22,7
035.bmp,0,13,17.76,-2.73,15.63,15.87,3.79,10
035.bmp,1,38,16.92,2.79,9.27,9.68,5.15,1
035.bmp,2,58,30.11,-5.8,10.59,12.08,3.38,5
035.bmp,3,76,20.58,12.68,-21.03,24.56,2.22,7
135.bmp,0,6,48.68,-4.1,18.55,19,4.91,10
135.bmp,1,27,42.54,26.82,33.98,43.29,2.39,3
135.bmp,2,49,78.43,-2.18,2.12,3.04,3.78,9
135.bmp,3,69,50.64,17.74,24.43,30.19,6.42,3
135.bmp,0,6,48.68,-4.1,18.55,19,4.91,10
135.bmp,1,27,42.54,26.82,33.98,43.29,2.39,3
135.bmp,2,49,78.43,-2.18,2.12,3.04,3.78,9
135.bmp,3,69,50.64,17.74,24.43,30.19,6.42,3
135.bmp,0,6,48.68,-4.1,18.55,19,4.91,10
135.bmp,1,27,42.54,26.82,33.98,43.29,2.39,3
135.bmp,2,49,78.43,-2.18,2.12,3.04,3.78,9
135.bmp,3,69,50.64,17.74,24.43,30.19,6.42,3
135.bmp,0,6,48.68,-4.1,18.55,19,4.91,10
135.bmp,1,27,42.54,26.82,33.98,43.29,2.39,3
135.bmp,2,49,78.43,-2.18,2.12,3.04,3.78,9
135.bmp,3,69,50.64,17.74,24.43,30.19,6.42,3
135.bmp,0,6,48.68,-4.1,18.55,19,4.91,10
135.bmp,1,27,42.54,26.82,33.98,43.29,2.39,3
135.bmp,2,49,78.43,-2.18,2.12,3.04,3.78,9
135.bmp,3,69,50.64,17.74,24.43,30.19,6.42,3
281.bmp,0,6,25.82,2.27,9.1,9.38,6.48,1
281.bmp,1,52,9.99,-1.47,1.59,2.16,1.03,0
281.bmp,0,6,25.82,2.27,9.1,9.38,6.48,1
281.bmp,1,52,9.99,-1.47,1.59,2.16,1.03,0
281.bmp,0,6,25.82,2.27,9.1,9.38,6.48,1
281.bmp,1,52,9.99,-1.47,1.59,2.16,1.03,0
277.bmp,0,11,66,-7.32,26.77,27.75,5.28,11
277.bmp,1,39,79.87,-17.09,70.6,72.64,2.5,4
277.bmp,2,61,54.47,-17.3,14.67,22.68,1.5,5
277.bmp,3,83,52.75,5.76,-12.62,13.87,0.85,7
277.bmp,0,11,66,-7.32,26.77,27.75,5.28,11
277.bmp,1,39,79.87,-17.09,70.6,72.64,2.5,4
277.bmp,2,61,54.47,-17.3,14.67,22.68,1.5,5
277.bmp,3,83,52.75,5.76,-12.62,13.87,0.85,7
277.bmp,0,11,66,-7.32,26.77,27.75,5.28,11
277.bmp,1,39,79.87,-17.09,70.6,72.64,2.5,4
277.bmp,2,61,54.47,-17.3,14.67,22.68,1.5,5
277.bmp,3,83,52.75,5.76,-12.62,13.87,0.85,7
